"QALD id","match status","QALD question","QueGG question","QALD SPARQL query","QueGG SPARQL query"
"0","0.75","When was the Battle of Gettysburg?","""When was Battle of Gettysburg fought?""","PREFIX dbo: <http://dbpedia.org/ontology/>PREFIX res: <http://dbpedia.org/resource/>SELECT DISTINCT ?date WHERE {        res:Battle_of_Gettysburg dbo:date ?date .}","""select  ?o    {    <http://dbpedia.org/resource/Battle_of_Gettysburg> <http://dbpedia.org/property/date>  ?o .    }"""
"1","0.5454545454545454","List all the musicals with music by Elton John.","""List all the musics by Elton John""","PREFIX dbo: <http://dbpedia.org/ontology/>PREFIX res: <http://dbpedia.org/resource/>PREFIX rdf: <http://www.w3.org/1999/02/22-rdf-syntax-ns#> SELECT DISTINCT ?uriWHERE {         ?uri rdf:type dbo:Musical .        ?uri dbo:musicBy res:Elton_John .}","""select  ?s    {   ?s <http://dbpedia.org/ontology/musicBy>  <http://dbpedia.org/resource/Elton_John> .    }"""
"2","0.75","How high is the lighthouse in Colombo?","""How high is Colombo Lighthouse?""","SELECT DISTINCT ?num WHERE {  <http://dbpedia.org/resource/Colombo_Lighthouse> <http://dbpedia.org/ontology/height> ?num . } ","""select  ?o    {    <http://dbpedia.org/resource/Colombo_Lighthouse> <http://dbpedia.org/ontology/height>  ?o .    }"""
"3","0.5833333333333334","Who was the wife of U.S. president Lincoln?","""Who was the wife of Abraham Lincoln?""","PREFIX dbo: <http://dbpedia.org/ontology/>PREFIX res: <http://dbpedia.org/resource/>SELECT DISTINCT ?uri WHERE {	res:Abraham_Lincoln dbo:spouse ?uri.}","""select  ?o    {    <http://dbpedia.org/resource/Abraham_Lincoln> <http://dbpedia.org/ontology/spouse>  ?o .    }"""
"4","1.0","Who is the host of the BBC Wildlife Specials?","""Who is the host of BBC Wildlife Specials?""","SELECT DISTINCT ?uri WHERE { <http://dbpedia.org/resource/BBC_Wildlife_Specials> <http://dbpedia.org/ontology/presenter> ?uri . }","""select  ?o    {    <http://dbpedia.org/resource/BBC_Wildlife_Specials> <http://dbpedia.org/ontology/presenter>  ?o .    }"""
"5","1.0","How much did Pulp Fiction cost?","""How much did Pulp Fiction cost?""","SELECT DISTINCT ?n WHERE {  <http://dbpedia.org/resource/Pulp_Fiction> <http://dbpedia.org/ontology/budget> ?n . } ","""select  ?o    {    <http://dbpedia.org/resource/Pulp_Fiction> <http://dbpedia.org/ontology/budget>  ?o .    }"""
"6","0.6666666666666666","In what city is the Heineken brewery?","""What is the city in Auckland City?""","SELECT DISTINCT ?uri WHERE { <http://dbpedia.org/resource/Heineken> <http://dbpedia.org/ontology/manufacturer> ?x . ?x <http://dbpedia.org/ontology/locationCity> ?uri . }","""select  ?o    {    <http://dbpedia.org/resource/Auckland_City> <http://dbpedia.org/ontology/isPartOf>  ?o .    }"""
"7","1.0","When did Operation Overlord commence?","""When did Operation Overlord commence?""","SELECT DISTINCT ?d WHERE { <http://dbpedia.org/resource/Operation_Overlord> <http://dbpedia.org/ontology/date> ?d . } ","""select  ?o    {    <http://dbpedia.org/resource/Operation_Overlord> <http://dbpedia.org/ontology/date>  ?o .    }"""
"8","0.9","In which city does the Chile Route 68 end?","""in which city does Chile Route 68 end?""","SELECT DISTINCT ?uri WHERE {  <http://dbpedia.org/resource/Chile_Route_68> <http://dbpedia.org/ontology/routeEnd> ?uri . } ","""select  ?o    {    <http://dbpedia.org/resource/Chile_Route_68> <http://dbpedia.org/ontology/routeEnd>  ?o .    }"""
"9","1.0","Who developed Slack?","""Who developed Slack?""","SELECT DISTINCT ?uri WHERE { ?uri <http://dbpedia.org/ontology/product> <http://dbpedia.org/resource/Slack_(software)> . }","""select  ?s    {   ?s <http://dbpedia.org/ontology/product>  <http://dbpedia.org/resource/Slack_(software)> .    }"""
"10","0.75","Who was married to president Chirac?","""Who was Jacques Chirac married to?""","PREFIX dbo: <http://dbpedia.org/ontology/> PREFIX res: <http://dbpedia.org/resource/> SELECT DISTINCT ?uriWHERE {          res:Jacques_Chirac dbo:spouse ?uri .}","""select  ?s    {   ?s <http://dbpedia.org/ontology/spouse>  <http://dbpedia.org/resource/Jacques_Chirac> .    }"""
"11","1.0","What did Bruce Carver die from?","""What did Bruce Carver die from?""","PREFIX res: <http://dbpedia.org/resource/>PREFIX dbo: <http://dbpedia.org/ontology/>SELECT DISTINCT ?uriWHERE {        res:Bruce_Carver dbo:deathCause ?uri .     }","""select  ?o    {    <http://dbpedia.org/resource/Bruce_Carver> <http://dbpedia.org/ontology/deathCause>  ?o .    }"""
"12","1.0","Who painted The Storm on the Sea of Galilee?","""Who painted The Storm on the Sea of Galilee?""","PREFIX dbp: <http://dbpedia.org/property/>PREFIX res: <http://dbpedia.org/resource/>SELECT DISTINCT ?uri WHERE {	res:The_Storm_on_the_Sea_of_Galilee dbp:artist ?uri .}","""select  ?o    {    <http://dbpedia.org/resource/The_Storm_on_the_Sea_of_Galilee> <http://dbpedia.org/property/artist>  ?o .    }"""
"13","0.875","Which cities does the Weser flow through?","""through which cities does flow Weser?""","SELECT DISTINCT ?uri WHERE {  <http://dbpedia.org/resource/Weser> <http://dbpedia.org/ontology/city> ?uri . } ","""select  ?o    {    <http://dbpedia.org/resource/Weser> <http://dbpedia.org/ontology/city>  ?o .    }"""
"14","0.0","How many seats does the home stadium of FC Porto have?",,"SELECT DISTINCT ?n WHERE { <http://dbpedia.org/resource/FC_Porto> <http://dbpedia.org/ontology/ground> ?x . ?x <http://dbpedia.org/ontology/seatingCapacity> ?n . } ",
"15","0.6153846153846154","Who is the daughter of Robert Kennedy married to?","""Who is the daughter of  Robert F. Kennedy?""","SELECT DISTINCT ?uri WHERE {  <http://dbpedia.org/resource/Robert_F._Kennedy> <http://dbpedia.org/ontology/child> ?child .  ?child <http://dbpedia.org/ontology/spouse> ?uri . } ","""select  ?o    {    <http://dbpedia.org/resource/Robert_F._Kennedy> <http://dbpedia.org/ontology/child>  ?o .    }"""
"16","0.8888888888888888","Which books by Kerouac were published by Viking Press?","""which books were published by Viking Press?""","SELECT DISTINCT ?uri WHERE {  ?uri <http://www.w3.org/1999/02/22-rdf-syntax-ns#type> <http://dbpedia.org/ontology/Book> .  ?uri <http://dbpedia.org/ontology/publisher> <http://dbpedia.org/resource/Viking_Press> .  ?uri <http://dbpedia.org/ontology/author> <http://dbpedia.org/resource/Jack_Kerouac> . } ","""select  ?s    {   ?s <http://dbpedia.org/ontology/publisher>  <http://dbpedia.org/resource/Viking_Press> .    }"""
"17","1.0","How tall is Amazon Eve?","""How tall is Amazon Eve?""","SELECT DISTINCT ?height WHERE {  <http://dbpedia.org/resource/Amazon_Eve> <http://dbpedia.org/ontology/height> ?height . } ","""select  ?o    {    <http://dbpedia.org/resource/Amazon_Eve> <http://dbpedia.org/ontology/height>  ?o .    }"""
"18","0.75","Which museum exhibits The Scream by Munch?","""which museum exhibits The Scream?""","PREFIX dbo: <http://dbpedia.org/ontology/>PREFIX res: <http://dbpedia.org/resource/>SELECT DISTINCT ?uriWHERE {       res:The_Scream dbo:museum ?uri .}","""select  ?o    {    <http://dbpedia.org/resource/The_Scream> <http://dbpedia.org/ontology/museum>  ?o .    }"""
"19","0.0","Who wrote the book Les Piliers de la terre?",,"PREFIX dbo: <http://dbpedia.org/ontology/>PREFIX res: <http://dbpedia.org/resource/>SELECT DISTINCT ?uri WHERE {	res:The_Pillars_of_the_Earth dbo:author ?uri .}",
"20","0.6666666666666666","Is James Bond married?","""Who married James Bond?""","PREFIX dbo: <http://dbpedia.org/ontology/>PREFIX res: <http://dbpedia.org/resource/>ASK WHERE {        res:James_Bond dbo:spouse ?uri . }","""select  ?o    {    <http://dbpedia.org/resource/James_Bond> <http://dbpedia.org/ontology/spouse>  ?o .    }"""
"21","1.0","Who discovered Ceres?","""Who discovered Ceres?""","SELECT DISTINCT ?uri WHERE { <http://dbpedia.org/resource/Ceres_(dwarf_planet)> <http://dbpedia.org/ontology/discoverer> ?uri . }","""select  ?o    {    <http://dbpedia.org/resource/Ceres_(dwarf_planet)> <http://dbpedia.org/ontology/discoverer>  ?o .    }"""
"22","0.875","Which river does the Brooklyn Bridge cross?","""which river does Brooklyn Bridge cross?""","PREFIX dbo: <http://dbpedia.org/ontology/>PREFIX res: <http://dbpedia.org/resource/>SELECT DISTINCT ?uriWHERE {               res:Brooklyn_Bridge dbo:crosses ?uri . }","""select  ?o    {    <http://dbpedia.org/resource/Brooklyn_Bridge> <http://dbpedia.org/ontology/crosses>  ?o .    }"""
"23","0.5555555555555556","Who was called Frank The Tank?","""Who was called  The Tiger?""","PREFIX dbp: <http://dbpedia.org/property/> SELECT DISTINCT ?uri WHERE {         ?uri dbp:nickname 'Frank The Tank'@en . }","""select  ?s    {   ?s <http://dbpedia.org/property/nickname>  'The Tiger'@en .    }"""
"24","1.0","What is the largest country in the world?","""What is the largest country in the World?""","SELECT DISTINCT ?uri WHERE { ?uri a <http://dbpedia.org/ontology/Country> . ?uri <http://dbpedia.org/ontology/areaTotal> ?n . } ORDER BY DESC(?n) OFFSET 0 LIMIT 1","""SELECT DISTINCT ?subjOfProp WHERE { ?subjOfProp <http://www.w3.org/1999/02/22-rdf-syntax-ns#type> <http://dbpedia.org/ontology/Country> . ?subjOfProp <http://dbpedia.org/ontology/areaTotal> ?num . } ORDER BY DESC(?num) LIMIT 1"""
"25","1.0","Who is the mayor of Paris?","""Who is the mayor of Paris?""","SELECT DISTINCT ?uri WHERE { <http://dbpedia.org/resource/Paris> <http://dbpedia.org/ontology/mayor> ?uri . }","""select  ?o    {    <http://dbpedia.org/resource/Paris> <<http://dbpedia.org/ontology/mayor>>  ?o .    }"""
"26","0.6153846153846154","Who is the coach of Ankara's ice hockey team?","""Who is the coach of Turkish Ice Hockey First League?""","SELECT DISTINCT ?uri WHERE { ?x <http://dbpedia.org/ontology/city> <http://dbpedia.org/resource/Ankara> . ?x <http://dbpedia.org/ontology/league> <http://dbpedia.org/resource/Turkish_Ice_Hockey_First_League> . ?x <http://dbpedia.org/ontology/coach> ?uri . }","""select  ?o    {    <http://dbpedia.org/resource/Turkish_Ice_Hockey_First_League> <http://dbpedia.org/ontology/coach>  ?o .    }"""
"27","0.7","Who is the mayor of the capital of French Polynesia?","""What is the capital of French Polynesia?""","PREFIX dbo: <http://dbpedia.org/ontology/>PREFIX res: <http://dbpedia.org/resource/>SELECT DISTINCT ?uri WHERE {         res:French_Polynesia dbo:capital ?x .        ?x dbo:mayor ?uri .}","""select  ?o    {    <http://dbpedia.org/resource/French_Polynesia> <http://dbpedia.org/ontology/capital>  ?o .    }"""
"28","1.0","Which awards did Douglas Hofstadter win?","""which awards did Douglas Hofstadter win?""","PREFIX res: <http://dbpedia.org/resource/>PREFIX dbo: <http://dbpedia.org/ontology/>SELECT DISTINCT ?uriWHERE {        res:Douglas_Hofstadter dbo:award ?uri .}","""select  ?o    {    <http://dbpedia.org/resource/Douglas_Hofstadter> <http://dbpedia.org/ontology/award>  ?o .    }"""
"29","1.0","How much did the Lego Movie cost?","""How much did The Lego Movie cost?""","SELECT DISTINCT ?n WHERE { <http://dbpedia.org/resource/The_Lego_Movie> <http://dbpedia.org/ontology/budget> ?n . } ","""select  ?o    {    <http://dbpedia.org/resource/The_Lego_Movie> <http://dbpedia.org/ontology/budget>  ?o .    }"""
"30","1.0","Where does Piccadilly start?","""Where does Piccadilly start?""","SELECT DISTINCT ?uri WHERE { ?uri <http://dbpedia.org/ontology/routeStart> <http://dbpedia.org/resource/Piccadilly>. } ","""select  ?s    {   ?s <http://dbpedia.org/ontology/routeStart>  <http://dbpedia.org/resource/Piccadilly> .    }"""
"31","0.0","Do Prince Harry and Prince William have the same parents?",,"PREFIX dbo: <http://dbpedia.org/ontology/> ASKWHERE {         <http://dbpedia.org/resource/Prince_William,_Duke_of_Cambridge> dbo:parent ?x .         <http://dbpedia.org/resource/Prince_Harry> dbo:parent ?x .}",
"32","0.7142857142857143","Who played Agent Smith in Matrix?","""Who played Agent Smith?""","PREFIX dbp: <http://dbpedia.org/property/>PREFIX res: <http://dbpedia.org/resource/>SELECT DISTINCT ?uriWHERE {         res:Agent_Smith dbp:portrayer ?uri . }","""select  ?o    {    <http://dbpedia.org/resource/Agent_Smith> <http://dbpedia.org/property/portrayer>  ?o .    }"""
"33","1.0","How many languages are spoken in Turkmenistan?","""How many languages are spoken in Turkmenistan?""","SELECT (COUNT(DISTINCT ?x) as ?c) WHERE {  <http://dbpedia.org/resource/Turkmenistan> <http://dbpedia.org/ontology/language> ?x . } ","""select (COUNT(DISTINCT ?objOfProp) as ?c) WHERE    {    <http://dbpedia.org/resource/Turkmenistan> <http://dbpedia.org/ontology/language>  ?objOfProp .    }"""
"34","0.5384615384615384","In which films did Julia Roberts as well as Richard Gere play?","""which films did Richard Gere starr in?""","SELECT DISTINCT ?uri WHERE {  ?uri <http://www.w3.org/1999/02/22-rdf-syntax-ns#type> <http://dbpedia.org/ontology/Film> .  ?uri <http://dbpedia.org/ontology/starring> <http://dbpedia.org/resource/Julia_Roberts> .  ?uri <http://dbpedia.org/ontology/starring> <http://dbpedia.org/resource/Richard_Gere> . } ","""select  ?s    {   ?s <http://dbpedia.org/ontology/starring>  <http://dbpedia.org/resource/Richard_Gere> .   ?s <http://www.w3.org/1999/02/22-rdf-syntax-ns#type>  <http://dbpedia.org/ontology/Film> .    }"""
"35","0.875","In which country does the Ganges start?","""in which country does Ganges start?""","PREFIX dbo: <http://dbpedia.org/ontology/> PREFIX res: <http://dbpedia.org/resource/> SELECT DISTINCT ?uri WHERE {         res:Ganges dbo:sourceCountry ?uri .}","""select  ?o    {    <http://dbpedia.org/resource/Ganges> <http://dbpedia.org/ontology/sourceCountry>  ?o .    }"""
"36","1.0","In which year was Rachel Stevens born?","""in which year was Rachel Stevens born?""","SELECT DISTINCT ?uri WHERE {  <http://dbpedia.org/resource/Rachel_Stevens> <http://dbpedia.org/ontology/birthYear> ?uri . } ","""select  ?o    {    <http://dbpedia.org/resource/Rachel_Stevens> <http://dbpedia.org/ontology/birthYear>  ?o .    }"""
"37","0.0","Is Barack Obama a democrat?",,"PREFIX dbo: <http://dbpedia.org/ontology/>PREFIX res: <http://dbpedia.org/resource/>ASKWHERE {         res:Barack_Obama dbo:party <http://dbpedia.org/resource/Democratic_Party_(United_States)> . }",
"38","0.7142857142857143","Where was Bach born?","""Where was Johann Sebastian Bach born?""","PREFIX dbo: <http://dbpedia.org/ontology/>PREFIX res: <http://dbpedia.org/resource/>SELECT DISTINCT ?uri WHERE {        res:Johann_Sebastian_Bach dbo:birthPlace ?uri .}","""select  ?o    {    <http://dbpedia.org/resource/Johann_Sebastian_Bach> <http://dbpedia.org/ontology/birthPlace>  ?o .    }"""
"39","1.0","How often did Jane Fonda marry?","""How often did Jane Fonda marry?""","SELECT (COUNT(DISTINCT ?uri) as ?c) WHERE {  <http://dbpedia.org/resource/Jane_Fonda> <http://dbpedia.org/ontology/spouse> ?uri . } ","""select (COUNT(DISTINCT ?objOfProp) as ?c) WHERE    {    <http://dbpedia.org/resource/Jane_Fonda> <http://dbpedia.org/ontology/spouse>  ?objOfProp .    }"""
"40","0.9","Who was the first to climb Mount Everest?","""Who was the first to climb  Mount Everest?""","PREFIX res: <http://dbpedia.org/resource/>PREFIX dbo: <http://dbpedia.org/ontology/>SELECT DISTINCT ?uriWHERE {          res:Mount_Everest dbo:firstAscentPerson ?uri . }","""select  ?o    {    <http://dbpedia.org/resource/Mount_Everest> <http://dbpedia.org/ontology/firstAscentPerson>  ?o .    }"""
"41","1.0","How many people live in Poland?","""How many People live in Poland?""","SELECT DISTINCT ?uri WHERE { <http://dbpedia.org/resource/Poland> <http://dbpedia.org/ontology/populationTotal> ?uri . }  ","""select  ?o    {    <http://dbpedia.org/resource/Poland> <http://dbpedia.org/ontology/populationTotal>  ?o .    }"""
"42","0.6666666666666666","What is the location of the Houses of Parliament?","""What is the location of Turkmenistan?""","SELECT ?uri WHERE {  <http://dbpedia.org/resource/Palace_of_Westminster> <http://dbpedia.org/ontology/location> ?uri . } ","""select  ?o    {    <http://dbpedia.org/resource/Turkmenistan> <http://dbpedia.org/ontology/location>  ?o .    }"""
"43","0.0","Is Christian Bale starring in Batman Begins?",,"PREFIX dbo: <http://dbpedia.org/ontology/>PREFIX res: <http://dbpedia.org/resource/>ASK WHERE {	res:Batman_Begins dbo:starring res:Christian_Bale .}",
"44","1.0","In which country is the Limerick Lake?","""in which country is the Limerick Lake?""","PREFIX dbo: <http://dbpedia.org/ontology/>PREFIX res: <http://dbpedia.org/resource/>SELECT DISTINCT ?uri WHERE { 	res:Limerick_Lake dbo:country ?uri .}","""select  ?o    {    <http://dbpedia.org/resource/Limerick_Lake> <http://dbpedia.org/ontology/country>  ?o .    }"""
"45","0.5454545454545454","What was the last movie with Alec Guinness?","""What was the residence of Alec Guinness?""","SELECT DISTINCT ?uri WHERE {  ?uri <http://www.w3.org/1999/02/22-rdf-syntax-ns#type> <http://dbpedia.org/ontology/Film> .  ?uri <http://dbpedia.org/ontology/starring> <http://dbpedia.org/resource/Alec_Guinness> .  ?uri <http://dbpedia.org/ontology/releaseDate> ?date . } ORDER BY DESC(?date) LIMIT 1 ","""select  ?o    {    <http://dbpedia.org/resource/Alec_Guinness> <http://dbpedia.org/ontology/residence>  ?o .    }"""
"46","1.0","What is the highest mountain in Australia?","""What is the highest mountain in Australia?""","PREFIX dbo: <http://dbpedia.org/ontology/>PREFIX res: <http://dbpedia.org/resource/>PREFIX rdf: <http://www.w3.org/1999/02/22-rdf-syntax-ns#>SELECT DISTINCT ?uri WHERE {	?uri rdf:type dbo:Mountain .        ?uri dbo:locatedInArea res:Australia .        ?uri dbo:elevation ?elevation .} ORDER BY DESC(?elevation) LIMIT 1","""SELECT DISTINCT ?subjOfProp WHERE { ?subjOfProp <http://www.w3.org/1999/02/22-rdf-syntax-ns#type> <http://dbpedia.org/ontology/Mountain> . ?subjOfProp <http://dbpedia.org/ontology/locatedInArea> <http://dbpedia.org/resource/Australia> . ?subjOfProp <http://dbpedia.org/ontology/elevation> ?num . } ORDER BY DESC(?num) LIMIT 1"""
"47","0.0","Is Frank Herbert still alive?",,"PREFIX dbo: <http://dbpedia.org/ontology/>PREFIX res: <http://dbpedia.org/resource/>ASK WHERE {	OPTIONAL { res:Frank_Herbert dbo:deathDate ?date . }        FILTER (!BOUND(?date))}",
"48","1.0","Who created Family Guy?","""Who created Family Guy?""","SELECT DISTINCT ?uri WHERE { <http://dbpedia.org/resource/Family_Guy> <http://dbpedia.org/ontology/creator> ?uri . }  ","""select  ?o    {    <http://dbpedia.org/resource/Family_Guy> <http://dbpedia.org/ontology/creator>  ?o .    }"""
"49","1.0","What is the official language of Suriname?","""What is the official language of Suriname?""","PREFIX dbo: <http://dbpedia.org/ontology/>PREFIX res: <http://dbpedia.org/resource/>SELECT DISTINCT ?uriWHERE {         res:Suriname dbo:officialLanguage ?uri .}","""select  ?o    {    <http://dbpedia.org/resource/Suriname> <http://dbpedia.org/ontology/officialLanguage>  ?o .    }"""
"50","0.7142857142857143","Who wrote the song Hotel California?","""Who wrote Hotel California?""","SELECT DISTINCT ?uri WHERE { <http://dbpedia.org/resource/Hotel_California> <http://dbpedia.org/ontology/writer> ?uri . }","""select  ?o    {    <http://dbpedia.org/resource/Hotel_California> <http://dbpedia.org/ontology/writer>  ?o .    }"""
"51","0.0","Give me all actors starring in movies directed by William Shatner.",,"SELECT DISTINCT ?uri WHERE {  ?x <http://dbpedia.org/ontology/director> <http://dbpedia.org/resource/William_Shatner> .  ?x <http://dbpedia.org/ontology/starring> ?uri . } ",
"52","0.6","What is in a chocolate chip cookie?","""What is Chocolate chip cookie 's ingredient?""","SELECT DISTINCT ?uri WHERE { <http://dbpedia.org/resource/Chocolate_chip_cookie> <http://dbpedia.org/ontology/ingredient> ?uri . }","""select  ?o    {    <http://dbpedia.org/resource/Chocolate_chip_cookie> <http://dbpedia.org/ontology/ingredient>  ?o .    }"""
"53","0.0","Give me all professional skateboarders from Sweden.",,"PREFIX dbo: <http://dbpedia.org/ontology/>PREFIX dbp: <http://dbpedia.org/property/>PREFIX res: <http://dbpedia.org/resource/>SELECT DISTINCT ?uri WHERE {	?uri dbo:occupation res:Skateboarding .         { ?uri dbo:birthPlace res:Sweden . }        UNION        { ?uri dbo:birthPlace ?place .           ?place dbo:country res:Sweden . }}",
"54","0.0","Which ingredients do I need for carrot cake?",,"SELECT DISTINCT ?uri WHERE {  <http://dbpedia.org/resource/Carrot_cake> <http://dbpedia.org/ontology/ingredient> ?uri . } ",
"55","0.0","Does Neymar play for Real Madrid?",,"ASK WHERE { <http://dbpedia.org/resource/Neymar> <http://dbpedia.org/ontology/team> <http://dbpedia.org/resource/Real_Madrid_C.F.> . }",
"56","0.0","Which computer scientist won an oscar?",,"SELECT DISTINCT ?uri WHERE { { ?uri <http://dbpedia.org/ontology/field> <http://dbpedia.org/resource/Computer_science> . } UNION { ?uri <http://purl.org/dc/elements/1.1/description> ?s . FILTER regex(?s,'computer scientist','i') } ?uri <http://dbpedia.org/ontology/award> <http://dbpedia.org/resource/Academy_Awards> . } ",
"57","0.0","How many companies were founded in the same year as Google?",,"SELECT (COUNT(DISTINCT ?uri) as ?c) WHERE {  ?uri <http://www.w3.org/1999/02/22-rdf-syntax-ns#type> <http://dbpedia.org/ontology/Company> .  ?uri <http://dbpedia.org/ontology/foundingYear> ?year .  <http://dbpedia.org/resource/Google> <http://dbpedia.org/ontology/foundingYear> ?year . } ",
"58","0.0","In which UK city are the headquarters of the MI6?",,"PREFIX res: <http://dbpedia.org/resource/> PREFIX dbo: <http://dbpedia.org/ontology/> PREFIX rdf: <http://www.w3.org/1999/02/22-rdf-syntax-ns#>SELECT DISTINCT ?uri WHERE {         res:Secret_Intelligence_Service dbo:headquarter ?uri .         ?uri dbo:country res:United_Kingdom . }",
"59","0.0","Was the Cuban Missile Crisis earlier than the Bay of Pigs Invasion?",,"PREFIX dbo: <http://dbpedia.org/ontology/>PREFIX res: <http://dbpedia.org/resource/>ASK WHERE {        res:Cuban_Missile_Crisis dbo:date ?x .	res:Bay_of_Pigs_Invasion dbo:date ?y .	FILTER (?x < ?y)}",
"60","1.0","What does IYCM stand for?","""What does IYCM stand for?""","PREFIX dbo: <http://dbpedia.org/ontology/>PREFIX res: <http://dbpedia.org/resource/>SELECT DISTINCT ?uriWHERE {        ?uri dbo:abbreviation 'IYCM' .}","""select  ?s    {   ?s <http://dbpedia.org/ontology/abbreviation>  'IYCM'    }"""
"61","0.0","When did the Ming dynasty dissolve?",,"PREFIX res: <http://dbpedia.org/resource/>PREFIX dbo: <http://dbpedia.org/ontology/> SELECT DISTINCT ?dateWHERE {          res:Ming_dynasty dbo:dissolutionDate ?date .}",
"62","0.0","List all episodes of the first season of the HBO television series The Sopranos!",,"PREFIX dbo: <http://dbpedia.org/ontology/>PREFIX res: <http://dbpedia.org/resource/>SELECT DISTINCT ?uri WHERE {	?uri dbo:series res:The_Sopranos  .        ?uri dbo:seasonNumber 1 .}",
"63","0.7","What is the total population of Melbourne, Florida?","""What is the population of Melbourne Florida?""","PREFIX dbo: <http://dbpedia.org/ontology/> SELECT ?uri WHERE {         <http://dbpedia.org/resource/Melbourne,_Florida> dbo:populationTotal ?uri .}","""select  ?o    {    <http://dbpedia.org/resource/Melbourne,_Florida> <http://dbpedia.org/ontology/populationTotal>  ?o .    }"""
"64","0.0","Did Arnold Schwarzenegger attend a university?",,"PREFIX dbo: <http://dbpedia.org/ontology/>PREFIX res: <http://dbpedia.org/resource/> PREFIX rdf: <http://www.w3.org/1999/02/22-rdf-syntax-ns#>ASKWHERE {        res:Arnold_Schwarzenegger dbo:almaMater ?x .        ?x rdf:type dbo:University .}",
"65","1.0","What country is Mount Everest in?","""what country is Mount Everest in?""","PREFIX dbo: <http://dbpedia.org/ontology/>PREFIX res: <http://dbpedia.org/resource/>PREFIX rdf: <http://www.w3.org/1999/02/22-rdf-syntax-ns#> SELECT DISTINCT ?uriWHERE {         res:Mount_Everest dbo:locatedInArea ?uri .         ?uri rdf:type dbo:Country .}","""select  ?o    {    <http://dbpedia.org/resource/Mount_Everest> <http://dbpedia.org/ontology/locatedInArea>  ?o .   ?o <http://www.w3.org/1999/02/22-rdf-syntax-ns#type>  <http://dbpedia.org/ontology/Country> .    }"""
"66","0.7777777777777778","What is the largest city in Australia?","""What is the largest city of Australia?""","PREFIX dbo: <http://dbpedia.org/ontology/>PREFIX res: <http://dbpedia.org/resource/>SELECT DISTINCT ?uri WHERE {	res:Australia dbo:largestCity ?uri .}","""select  ?o    {    <http://dbpedia.org/resource/Australia> <http://dbpedia.org/ontology/largestCity>  ?o .    }"""
"67","0.0","Give me all launch pads operated by NASA.",,"PREFIX dbo: <http://dbpedia.org/ontology/> PREFIX res: <http://dbpedia.org/resource/> PREFIX rdf: <http://www.w3.org/1999/02/22-rdf-syntax-ns#> SELECT DISTINCT ?uri WHERE {         ?uri rdf:type dbo:LaunchPad .          ?uri dbo:operator res:NASA . }",
"68","1.0","Who is the mayor of Tel Aviv?","""Who is the mayor of Tel Aviv?""","PREFIX dbo: <http://dbpedia.org/ontology/>PREFIX res: <http://dbpedia.org/resource/>SELECT DISTINCT ?uriWHERE {         res:Tel_Aviv dbo:leaderName ?uri .}","""select  ?o    {    <http://dbpedia.org/resource/Tel_Aviv> <http://dbpedia.org/ontology/leaderName>  ?o .    }"""
"69","0.0","List all episodes of the first season of the HBO television series The Sopranos.",,"PREFIX dbo: <http://dbpedia.org/ontology/>PREFIX res: <http://dbpedia.org/resource/>SELECT DISTINCT ?uri WHERE {        ?uri dbo:series res:The_Sopranos  .        ?uri dbo:seasonNumber 1 .}",
"70","1.0","Who created Batman?","""Who created Batman?""","SELECT DISTINCT ?uri WHERE {  <http://dbpedia.org/resource/Batman> <http://dbpedia.org/ontology/creator> ?uri . } ","""select  ?o    {    <http://dbpedia.org/resource/Batman> <http://dbpedia.org/ontology/creator>  ?o .    }"""
"71","0.625","Who played Gus Fring in Breaking Bad?","""Who played Gus Fring?""","SELECT DISTINCT ?uri WHERE { <http://dbpedia.org/resource/Gus_Fring> <http://dbpedia.org/ontology/portrayer> ?uri . }","""select  ?o    {    <http://dbpedia.org/resource/Gus_Fring> <http://dbpedia.org/property/portrayer>  ?o .    }"""
"72","0.875","In which programming language is GIMP written?","""in which language is GIMP written?""","PREFIX dbo: <http://dbpedia.org/ontology/>PREFIX res: <http://dbpedia.org/resource/>SELECT DISTINCT ?uri WHERE { 	res:GIMP dbo:programmingLanguage ?uri .}","""select  ?o    {    <http://dbpedia.org/resource/GIMP> <http://dbpedia.org/ontology/programmingLanguage>  ?o .    }"""
"73","0.0","In which ancient empire could you pay with cocoa beans?",,"SELECT DISTINCT ?uri WHERE { ?uri <http://dbpedia.org/ontology/currency> <http://dbpedia.org/resource/Cocoa_bean> . }",
"74","1.0","Who is the editor of Forbes?","""Who is the editor of Forbes?""","PREFIX res: <http://dbpedia.org/resource/>PREFIX dbo: <http://dbpedia.org/ontology/>SELECT DISTINCT ?uri WHERE {        res:Forbes dbo:editor ?uri .}","""select  ?o    {    <http://dbpedia.org/resource/Forbes> <http://dbpedia.org/ontology/editor>  ?o .    }"""
"75","0.7","How many people live in the capital of Australia?","""How many People live in Australia?""","PREFIX dbo: <http://dbpedia.org/ontology/>PREFIX res: <http://dbpedia.org/resource/>SELECT DISTINCT ?num WHERE {        res:Australia dbo:capital ?x .        ?x dbo:populationTotal ?num .}","""select  ?o    {    <http://dbpedia.org/resource/Australia> <http://dbpedia.org/ontology/populationTotal>  ?o .    }"""
"76","0.875","Which professional surfers were born in Australia?","""which surfers were born in Australia?""","PREFIX dbo: <http://dbpedia.org/ontology/> PREFIX res: <http://dbpedia.org/resource/> SELECT DISTINCT ?uri WHERE {         ?uri dbo:occupation res:Surfing .          ?uri dbo:birthPlace res:Australia . }","""select  ?s    {   ?s <http://dbpedia.org/ontology/birthPlace>  <http://dbpedia.org/resource/Australia> .   ?s <http://dbpedia.org/ontology/occupation>  <http://dbpedia.org/resource/Surfing> .    }"""
"77","0.875","Which electronics companies were founded in Beijing?","""which companies were founded in Beijing?""","SELECT DISTINCT ?uri WHERE { ?uri a <http://dbpedia.org/ontology/Company> . ?uri <http://dbpedia.org/ontology/industry> <http://dbpedia.org/resource/Electronics> . ?uri <http://dbpedia.org/ontology/foundationPlace> <http://dbpedia.org/resource/Beijing> . }","""select  ?s    {   ?s <http://dbpedia.org/ontology/foundationPlace>  <http://dbpedia.org/resource/Beijing> .    }"""
"78","0.8333333333333334","Give me all video games published by Mean Hamster Software.","""Give me all video games published by Mean Hamster Software?""","PREFIX dbo: <http://dbpedia.org/ontology/>PREFIX res: <http://dbpedia.org/resource/>PREFIX rdf: <http://www.w3.org/1999/02/22-rdf-syntax-ns#>SELECT DISTINCT ?uri WHERE {      ?uri rdf:type dbo:VideoGame .      ?uri dbo:publisher res:Mean_Hamster_Software . }","""select  ?s    {   ?s <http://dbpedia.org/ontology/publisher>  <http://dbpedia.org/resource/Mean_Hamster_Software> .    }"""
"79","0.0","How many Aldi stores are there?",,"SELECT DISTINCT ?number WHERE {  <http://dbpedia.org/resource/Aldi> <http://dbpedia.org/ontology/numberOfLocations> ?number . } ",
"80","1.0","What is the capital of Cameroon?","""What is the capital of Cameroon?""","SELECT DISTINCT ?uri WHERE { <http://dbpedia.org/resource/Cameroon> <http://dbpedia.org/ontology/capital> ?uri. } ","""select  ?o    {    <http://dbpedia.org/resource/Cameroon> <http://dbpedia.org/ontology/capital>  ?o .    }"""
"81","0.0","Is there a video game called Battle Chess?",,"PREFIX dbo: <http://dbpedia.org/ontology/>PREFIX rdf: <http://www.w3.org/1999/02/22-rdf-syntax-ns#>PREFIX rdfs: <http://www.w3.org/2000/01/rdf-schema#>ASK WHERE {	?uri rdf:type dbo:VideoGame .        ?uri rdfs:label 'Battle Chess'@en .}",
"82","0.5454545454545454","Was the wife of president Lincoln called Mary?","""Who was the wife of Abraham Lincoln?""","PREFIX dbo: <http://dbpedia.org/ontology/>PREFIX res: <http://dbpedia.org/resource/>PREFIX rdfs: <http://www.w3.org/2000/01/rdf-schema#>ASK WHERE {        res:Abraham_Lincoln dbo:spouse ?spouse .        ?spouse rdfs:label ?name .        FILTER(regex(?name,'Mary')) }","""select  ?o    {    <http://dbpedia.org/resource/Abraham_Lincoln> <http://dbpedia.org/ontology/spouse>  ?o .    }"""
"83","0.6666666666666666","Give me all movies directed by Francis Ford Coppola.","""Give me all films directed by Francis Ford Coppola?""","SELECT DISTINCT ?uri WHERE {  ?uri <http://www.w3.org/1999/02/22-rdf-syntax-ns#type> <http://dbpedia.org/ontology/Film> .  ?uri <http://dbpedia.org/ontology/director> <http://dbpedia.org/resource/Francis_Ford_Coppola> . } ","""select  ?s    {   ?s <http://dbpedia.org/ontology/director>  <http://dbpedia.org/resource/Francis_Ford_Coppola> .   ?s <http://www.w3.org/1999/02/22-rdf-syntax-ns#type>  <http://dbpedia.org/ontology/Film> .    }"""
"84","0.0","Which of Tim Burton's films had the highest budget?",,"PREFIX dbo: <http://dbpedia.org/ontology/>PREFIX res: <http://dbpedia.org/resource/>SELECT DISTINCT ?uri WHERE {         ?uri dbo:director res:Tim_Burton .        ?uri dbo:budget ?b .}ORDER BY ?bOFFSET 0 LIMIT 1",
"85","0.0","Does Breaking Bad have more episodes than Game of Thrones?",,"PREFIX dbo: <http://dbpedia.org/ontology/> PREFIX res: <http://dbpedia.org/resource/> ASK WHERE {         res:Breaking_Bad dbo:numberOfEpisodes ?x .         res:Game_of_Thrones dbo:numberOfEpisodes ?y .         FILTER (?y > ?x) }",
"86","0.5714285714285714","Who was called Rodzilla?","""Who was called  Wealth?""","PREFIX dbp: <http://dbpedia.org/property/> SELECT DISTINCT ?uri WHERE {          ?uri dbp:nickname ""Rodzilla""@en .}","""select  ?s    {   ?s <http://dbpedia.org/property/nickname>  <http://dbpedia.org/resource/Wealth> .    }"""
"87","0.6","Was Natalie Portman born in the United States?","""Who was born in United States?""","PREFIX dbo: <http://dbpedia.org/ontology/>PREFIX res: <http://dbpedia.org/resource/>ASK WHERE { 	res:Natalie_Portman dbo:birthPlace ?city .      	?city dbo:country res:United_States .}","""select  ?s    {   ?s <http://dbpedia.org/ontology/birthPlace>  <http://dbpedia.org/resource/United_States> .   ?s <http://dbpedia.org/ontology/occupation>  <http://dbpedia.org/resource/Actor> .    }"""
"88","0.0","Give me the grandchildren of Elvis Presley.",,"SELECT DISTINCT ?uri WHERE { <http://dbpedia.org/resource/Elvis_Presley> <http://dbpedia.org/ontology/child> ?child . ?child <http://dbpedia.org/ontology/child> ?uri . }",
"89","0.5833333333333334","Which movies starring Mickey Rourke were directed by Guy Ritchie?","""which films were directed by Guy Ritchie?""","SELECT DISTINCT ?uri WHERE { ?uri <http://www.w3.org/1999/02/22-rdf-syntax-ns#type> <http://dbpedia.org/ontology/Film> . ?uri <http://dbpedia.org/ontology/starring> <http://dbpedia.org/resource/Mickey_Rourke> . ?uri <http://dbpedia.org/ontology/director> <http://dbpedia.org/resource/Guy_Ritchie> . } ","""select  ?s    {   ?s <http://dbpedia.org/ontology/director>  <http://dbpedia.org/resource/Guy_Ritchie> .   ?s <http://www.w3.org/1999/02/22-rdf-syntax-ns#type>  <http://dbpedia.org/ontology/Film> .    }"""
"90","0.5714285714285714","When did Dracula's creator die?","""When did Cher die?""","SELECT DISTINCT ?date WHERE {  <http://dbpedia.org/resource/Count_Dracula> <http://dbpedia.org/ontology/creator> ?x .  ?x <http://dbpedia.org/ontology/deathDate> ?date . } ","""select  ?o    {    <http://dbpedia.org/resource/Cher> <http://dbpedia.org/ontology/deathDate>  ?o .    }"""
"91","0.0","Which country does the creator of Miffy come from?",,"PREFIX dbo: <http://dbpedia.org/ontology/>PREFIX res: <http://dbpedia.org/resource/>SELECT DISTINCT ?uri WHERE {	res:Miffy dbo:creator ?x .	?x dbo:nationality ?uri .}",
"92","0.625","What is Batman's real name?","""What is Batman 's real name?""","SELECT DISTINCT ?s WHERE { <http://dbpedia.org/resource/Batman> <http://dbpedia.org/property/alterEgo> ?s . }","""select  ?o    {    <http://dbpedia.org/resource/Batman> <http://dbpedia.org/property/alterEgo>  ?o .    }"""
"93","0.6","What form of government does Russia have?","""What was the form of government of Russia?""","SELECT DISTINCT ?uri WHERE { <http://dbpedia.org/resource/Russia> <http://dbpedia.org/ontology/governmentType> ?uri . } ","""select  ?o    {    <http://dbpedia.org/resource/Russia> <http://dbpedia.org/ontology/governmentType>  ?o .    }"""
"94","0.0","How many companies were founded by the founder of Facebook?",,"SELECT (COUNT(DISTINCT ?uri) as ?c) WHERE {  <http://dbpedia.org/resource/Facebook> <http://dbpedia.org/ontology/foundedBy> ?uri .  ?uri <http://dbpedia.org/ontology/foundedBy> ?uri . } ",
"95","0.6666666666666666","Give me all Canadian Grunge record labels.","""Give me all record labels of Grunge""","PREFIX dbo: <http://dbpedia.org/ontology/>PREFIX res: <http://dbpedia.org/resource/>PREFIX rdf: <http://www.w3.org/1999/02/22-rdf-syntax-ns#>SELECT DISTINCT ?uri WHERE {	?uri rdf:type dbo:RecordLabel .        ?uri dbo:genre res:Grunge .        ?uri dbo:country res:Canada .}","""select  ?o    {    <http://dbpedia.org/resource/Grunge> <http://dbpedia.org/ontology/RecordLabel>  ?o .    }"""
"96","0.0","How many children did Benjamin Franklin have?",,"SELECT (COUNT(DISTINCT ?uri) as ?c) WHERE {  <http://dbpedia.org/resource/Benjamin_Franklin> <http://dbpedia.org/ontology/child> ?uri . } ",
"97","0.75","List the children of Margaret Thatcher.","""List all the children of Margaret Thatcher""","PREFIX res: <http://dbpedia.org/resource/>PREFIX dbo: <http://dbpedia.org/ontology/>SELECT DISTINCT ?uri WHERE {	res:Margaret_Thatcher dbo:child ?uri .}","""select  ?o    {    <http://dbpedia.org/resource/Margaret_Thatcher> <http://dbpedia.org/ontology/child>  ?o .    }"""
"98","0.5833333333333334","From which region is the Melon de Bourgogne?","""in which wine region is Melon de Bourgogne grown?""","PREFIX res: <http://dbpedia.org/resource/>PREFIX dbo: <http://dbpedia.org/ontology/> SELECT DISTINCT ?uriWHERE {        res:Melon_de_Bourgogne dbo:wineRegion ?uri .}","""select  ?s    {   ?s <http://dbpedia.org/ontology/growingGrape>  <http://dbpedia.org/resource/Melon_de_Bourgogne> .    }"""
"99","0.8888888888888888","Who is the oldest child of Meryl Streep?","""Who is the child of Meryl Streep?""","PREFIX dbo: <http://dbpedia.org/ontology/>PREFIX res: <http://dbpedia.org/resource/>SELECT DISTINCT ?uriWHERE {         res:Meryl_Streep dbo:child ?uri .         ?uri dbo:birthDate ?d .}ORDER BY ASC(?d)OFFSET 0 LIMIT 1","""select  ?o    {    <http://dbpedia.org/resource/Meryl_Streep> <http://dbpedia.org/ontology/child>  ?o .    }"""
"100","0.0","Are tree frogs a type of amphibian?",,"PREFIX dbo: <http://dbpedia.org/ontology/> PREFIX res: <http://dbpedia.org/resource/> ASK WHERE {         res:Hylidae dbo:class res:Amphibian . }",
"101","0.0","Is Christian Bale starring in Velvet Goldmine?",,"PREFIX dbo: <http://dbpedia.org/ontology/>PREFIX res: <http://dbpedia.org/resource/>ASKWHERE {        res:Velvet_Goldmine dbo:starring res:Christian_Bale .}",
"102","0.7142857142857143","List all games by GMT.","""List all the games by GMT Games""","PREFIX dbo: <http://dbpedia.org/ontology/>PREFIX res: <http://dbpedia.org/resource/>SELECT DISTINCT ?uri WHERE {	        ?uri dbo:publisher res:GMT_Games .}","""select  ?s    {   ?s <http://dbpedia.org/ontology/publisher>  <http://dbpedia.org/resource/GMT_Games> .    }"""
"103","0.5555555555555556","Does the Isar flow into a lake?","""What does Isar flow into?""","PREFIX dbo: <http://dbpedia.org/ontology/>PREFIX res: <http://dbpedia.org/resource/>PREFIX rdf: <http://www.w3.org/1999/02/22-rdf-syntax-ns#>ASKWHERE {        ?x dbo:inflow res:Isar .        ?x rdf:type dbo:Lake . }","""select  ?s    {   ?s <http://dbpedia.org/ontology/inflow>  <http://dbpedia.org/resource/Isar> .    }"""
"104","1.0","Which airports does Yeti Airlines serve?","""which airports does Yeti Airlines serve?""","SELECT DISTINCT ?uri WHERE {  <http://dbpedia.org/resource/Yeti_Airlines> <http://dbpedia.org/ontology/targetAirport> ?uri . }","""select  ?o    {    <http://dbpedia.org/resource/Yeti_Airlines> <http://dbpedia.org/ontology/targetAirport>  ?o .    }"""
"105","0.0","Which Indian company has the most employees?",,"SELECT DISTINCT ?uri WHERE { ?uri a <http://dbpedia.org/ontology/Company> . ?uri <http://dbpedia.org/ontology/location> <http://dbpedia.org/resource/India> . ?uri <http://dbpedia.org/ontology/numberOfEmployees> ?n . } ORDER BY DESC(?n) OFFSET 0 LIMIT 1",
"106","0.0","What color expresses loyalty?",,"SELECT DISTINCT ?uri WHERE { ?uri <http://dbpedia.org/ontology/connotation> <http://dbpedia.org/resource/Loyalty> . }",
"107","0.0","Which city has the most inhabitants?",,"PREFIX dbo: <http://dbpedia.org/ontology/> PREFIX res: <http://dbpedia.org/resource/> PREFIX rdf: <http://www.w3.org/1999/02/22-rdf-syntax-ns#> SELECT DISTINCT ?uriWHERE {          ?uri rdf:type dbo:City .          ?uri dbo:populationTotal ?pop . }ORDER BY DESC(?pop)OFFSET 0 LIMIT 1",
"108","1.0","Who created Wikipedia?","""Who created Wikipedia?""","PREFIX dbo: <http://dbpedia.org/ontology/>PREFIX res: <http://dbpedia.org/resource/>SELECT DISTINCT ?uriWHERE {	res:Wikipedia dbo:author ?uri .}","""select  ?o    {    <http://dbpedia.org/resource/Wikipedia> <http://dbpedia.org/ontology/author>  ?o .    }"""
"109","0.7","Is Rita Wilson the wife of Tom Hanks?","""Who is the wife of Rita Wilson?""","PREFIX dbo: <http://dbpedia.org/ontology/> PREFIX res: <http://dbpedia.org/resource/> ASK WHERE {         res:Tom_Hanks dbo:spouse res:Rita_Wilson . }","""select  ?o    {    <http://dbpedia.org/resource/Rita_Wilson> <http://dbpedia.org/ontology/spouse>  ?o .    }"""
"110","0.7","Is the wife of president Obama called Michelle?","""Who is the wife of Michelle Obama?""","PREFIX dbo: <http://dbpedia.org/ontology/>PREFIX res: <http://dbpedia.org/resource/>PREFIX rdfs: <http://www.w3.org/2000/01/rdf-schema#>ASK WHERE {        res:Barack_Obama dbo:spouse ?spouse .        ?spouse rdfs:label ?name .        FILTER(regex(?name,'Michelle')) }","""select  ?o    {    <http://dbpedia.org/resource/Michelle_Obama> <http://dbpedia.org/ontology/spouse>  ?o .    }"""
"111","1.0","How many ethnic groups live in Slovenia?","""How many ethnic groups live in Slovenia?""","SELECT (COUNT(DISTINCT ?uri) as ?c) WHERE {  <http://dbpedia.org/resource/Slovenia> <http://dbpedia.org/ontology/ethnicGroup> ?uri . } ","""select (COUNT(DISTINCT ?objOfProp) as ?c) WHERE    {    <http://dbpedia.org/resource/Slovenia> <http://dbpedia.org/ontology/ethnicGroup>  ?objOfProp .    }"""
"112","0.75","Who is the president of Eritrea?","""Who is the residence of Eritrea?""","SELECT DISTINCT ?uri WHERE { <http://dbpedia.org/resource/Eritrea> <http://dbpedia.org/ontology/leader> ?uri . <http://dbpedia.org/resource/Eritrea> <http://dbpedia.org/ontology/leaderTitle> 'President'@en . }  ","""select  ?o    {    <http://dbpedia.org/resource/Eritrea> <http://dbpedia.org/ontology/residence>  ?o .    }"""
"113","1.0","Which films did Stanley Kubrick direct?","""which films did Stanley Kubrick direct?""","SELECT DISTINCT ?uri WHERE { ?uri <http://dbpedia.org/ontology/director> <http://dbpedia.org/resource/Stanley_Kubrick> . }","""select  ?s    {   ?s <http://dbpedia.org/ontology/director>  <http://dbpedia.org/resource/Stanley_Kubrick> .   ?s <http://www.w3.org/1999/02/22-rdf-syntax-ns#type>  <http://dbpedia.org/ontology/Film> .    }"""
"114","0.8333333333333334","When was the Titanic completed?","""When was Titanic completed?""","PREFIX dbo: <http://dbpedia.org/ontology/>PREFIX res: <http://dbpedia.org/resource/>SELECT DISTINCT ?dateWHERE {         res:RMS_Titanic dbo:completionDate ?date . }","""select  ?o    {    <http://dbpedia.org/resource/Titanic> <http://dbpedia.org/ontology/completionDate>  ?o .    }"""
"115","0.0","How many pages does War and Peace have?",,"PREFIX dbo: <http://dbpedia.org/ontology/>PREFIX res: <http://dbpedia.org/resource/>SELECT DISTINCT ?nWHERE {        res:War_and_Peace dbo:numberOfPages ?n .}",
"116","0.5454545454545454","Who is the youngest player in the Premier League?","""Who is the youngest person in the Bird?""","PREFIX dbo: <http://dbpedia.org/ontology/> PREFIX res: <http://dbpedia.org/resource/> SELECT DISTINCT ?uri WHERE {         ?uri dbo:team ?x .         ?x dbo:league res:Premier_League .         ?uri dbo:birthDate ?y . } ORDER BY DESC(?y) OFFSET 0 LIMIT 1","""SELECT DISTINCT ?subjOfProp WHERE { ?subjOfProp <http://www.w3.org/1999/02/22-rdf-syntax-ns#type> <http://dbpedia.org/ontology/Politician> . ?subjOfProp <http://dbpedia.org/ontology/birthDate> ?num . } ORDER BY DESC(?num) LIMIT 1"""
"117","1.0","What is the highest mountain in Italy?","""What is the highest mountain in Italy?""","PREFIX dbo: <http://dbpedia.org/ontology/>PREFIX res: <http://dbpedia.org/resource/>PREFIX rdf: <http://www.w3.org/1999/02/22-rdf-syntax-ns#>SELECT DISTINCT ?uriWHERE {        ?uri rdf:type dbo:Mountain .        ?uri dbo:locatedInArea res:Italy .        ?uri dbo:elevation ?num .}ORDER BY DESC(?num)OFFSET 0 LIMIT 1","""SELECT DISTINCT ?subjOfProp WHERE { ?subjOfProp <http://www.w3.org/1999/02/22-rdf-syntax-ns#type> <http://dbpedia.org/ontology/Mountain> . ?subjOfProp <http://dbpedia.org/ontology/locatedInArea> <http://dbpedia.org/resource/Italy> . ?subjOfProp <http://dbpedia.org/ontology/elevation> ?num . } ORDER BY DESC(?num) LIMIT 1"""
"118","1.0","How tall is Claudia Schiffer?","""How tall is Claudia Schiffer?""","PREFIX res: <http://dbpedia.org/resource/>PREFIX dbo: <http://dbpedia.org/ontology/>SELECT DISTINCT ?height WHERE {               res:Claudia_Schiffer dbo:height ?height .      }","""select  ?o    {    <http://dbpedia.org/resource/Claudia_Schiffer> <http://dbpedia.org/ontology/height>  ?o .    }"""
"119","0.7272727272727273","Who was John F. Kennedy's vice president?","""Who was John F. Kennedy 's vice president?""","PREFIX dbo: <http://dbpedia.org/ontology/> PREFIX res: <http://dbpedia.org/resource/> SELECT DISTINCT ?uri WHERE { res:John_F._Kennedy dbo:vicePresident ?uri . }","""select  ?o    {    <http://dbpedia.org/resource/John_F._Kennedy> <http://dbpedia.org/ontology/vicePresident>  ?o .    }"""
"120","0.0","Which subsidiary of Lufthansa serves both Dortmund and Berlin Tegel?",,"PREFIX res: <http://dbpedia.org/resource/>PREFIX dbo: <http://dbpedia.org/ontology/> SELECT DISTINCT ?uri WHERE {        res:Lufthansa dbo:subsidiary ?uri .        ?uri dbo:targetAirport res:Dortmund_Airport .        ?uri dbo:targetAirport res:Berlin_Tegel_Airport .}",
"121","1.0","Who was the successor of John F. Kennedy?","""Who was the successor of John F. Kennedy?""","PREFIX dbo: <http://dbpedia.org/ontology/>PREFIX res: <http://dbpedia.org/resource/>SELECT DISTINCT ?uri WHERE {	res:John_F._Kennedy dbo:successor ?uri .}","""select  ?o    {    <http://dbpedia.org/resource/John_F._Kennedy> <http://dbpedia.org/ontology/successor>  ?o .    }"""
"122","0.6666666666666666","Who composed the soundtrack for Cameron's Titanic?","""Who compose the soundtrack for Titanic?""","SELECT DISTINCT ?uri WHERE { <http://dbpedia.org/resource/Titanic_(1997_film)> <http://dbpedia.org/ontology/musicComposer> ?uri . } ","""select  ?o    {    <http://dbpedia.org/resource/Titanic_(1997_film)> <http://dbpedia.org/ontology/musicComposer>  ?o .    }"""
"123","0.625","Which movies did Kurosawa direct?","""which film did Akira Kurosawa direct?""","PREFIX dbo: <http://dbpedia.org/ontology/>PREFIX res: <http://dbpedia.org/resource/>PREFIX rdf: <http://www.w3.org/1999/02/22-rdf-syntax-ns#>SELECT DISTINCT ?uriWHERE {        ?uri rdf:type dbo:Film .        ?uri dbo:director res:Akira_Kurosawa .}","""select  ?s    {   ?s <http://dbpedia.org/ontology/director>  <http://dbpedia.org/resource/Akira_Kurosawa> .   ?s <http://www.w3.org/1999/02/22-rdf-syntax-ns#type>  <http://dbpedia.org/ontology/Film> .    }"""
"124","0.0","For which label did Elvis record his first album?",,"PREFIX dbo: <http://dbpedia.org/ontology/>PREFIX res: <http://dbpedia.org/resource/>PREFIX rdf: <http://www.w3.org/1999/02/22-rdf-syntax-ns#>SELECT DISTINCT ?uri WHERE {        ?x rdf:type dbo:Album .        ?x dbo:artist res:Elvis_Presley .        ?x dbo:releaseDate ?y .        ?x dbo:recordLabel ?uri .}ORDER BY ASC(?y) OFFSET 0 LIMIT 1",
"125","0.5555555555555556","In which time zone is Rome?","""in which country is Rome located?""","SELECT DISTINCT ?uri WHERE { <http://dbpedia.org/resource/Rome> <http://dbpedia.org/ontology/timeZone> ?uri . } ","""select  ?o    {    <http://dbpedia.org/resource/Rome> <<http://dbpedia.org/ontology/timeZone>>  ?o .    }"""
"126","0.0","Give me the currency of China.",,"PREFIX res: <http://dbpedia.org/resource/>PREFIX dbo: <http://dbpedia.org/ontology/> SELECT DISTINCT ?uriWHERE {     res:China dbo:currency ?uri . }",
"127","1.0","Who are the developers of DBpedia?","""Who are the developers of DBpedia?""","SELECT DISTINCT ?uri WHERE { <http://dbpedia.org/resource/DBpedia> <http://dbpedia.org/ontology/developer> ?uri . }","""select  ?o    {    <http://dbpedia.org/resource/DBpedia> <http://dbpedia.org/ontology/developer>  ?o .    }"""
"128","0.0","Does Abraham Lincoln's death place have a website?",,"PREFIX dbo: <http://dbpedia.org/ontology/>PREFIX res: <http://dbpedia.org/resource/>ASK WHERE {        res:Abraham_Lincoln dbo:deathPlace ?p .        ?p dbo:website ?w . }",
"129","0.75","Who is the king of the Netherlands?","""Who is the residence of Netherlands?""","SELECT DISTINCT ?uri WHERE { <http://dbpedia.org/resource/Netherlands> <http://dbpedia.org/ontology/leader> ?uri . ?uri a <http://dbpedia.org/ontology/Royalty> . } ","""select  ?o    {    <http://dbpedia.org/resource/Netherlands> <http://dbpedia.org/ontology/residence>  ?o .    }"""
"130","1.0","In which city did Nikos Kazantzakis die?","""in which city did Nikos Kazantzakis die?""","SELECT DISTINCT ?uri WHERE { <http://dbpedia.org/resource/Nikos_Kazantzakis> <http://dbpedia.org/ontology/deathPlace> ?uri . ?uri a <http://dbpedia.org/ontology/Town> . }","""select  ?o    {    <http://dbpedia.org/resource/Nikos_Kazantzakis> <http://dbpedia.org/ontology/deathPlace>  ?o .   ?o <http://www.w3.org/1999/02/22-rdf-syntax-ns#type>  <http://dbpedia.org/ontology/City> .    }"""
"131","0.8888888888888888","Who was the father of Queen Elizabeth II?","""Who was the father of Elizabeth II?""","PREFIX res: <http://dbpedia.org/resource/>PREFIX dbp: <http://dbpedia.org/property/>SELECT DISTINCT ?uriWHERE {         res:Elizabeth_II dbp:father ?uri .}","""select  ?o    {    <http://dbpedia.org/resource/Elizabeth_II> <http://dbpedia.org/property/father>  ?o .    }"""
"132","0.0","Give me a list of all critically endangered birds.",,"SELECT DISTINCT ?uri ?p WHERE { ?uri a <http://dbpedia.org/ontology/Bird> . { ?uri <http://dbpedia.org/ontology/conservationStatus> 'CR'^^<http://www.w3.org/2001/XMLSchema#string> . } UNION { ?uri <http://purl.org/dc/terms/subject> <http://dbpedia.org/resource/Category:Critically_endangered_animals> . } }",
"133","0.0","How many inhabitants does the largest city in Canada have?",,"PREFIX dbo: <http://dbpedia.org/ontology/>PREFIX res: <http://dbpedia.org/resource/>SELECT DISTINCT ?numWHERE {        res:Canada dbo:largestCity ?city .         ?city dbo:populationTotal ?num .}",
"134","0.0","In which military conflicts did Lawrence of Arabia participate?",,"PREFIX dbo: <http://dbpedia.org/ontology/> PREFIX res: <http://dbpedia.org/resource/> SELECT DISTINCT ?uri WHERE {         res:T._E._Lawrence dbo:battle ?uri . }",
"135","0.0","Which book has the most pages?",,"PREFIX dbo: <http://dbpedia.org/ontology/>PREFIX rdf: <http://www.w3.org/1999/02/22-rdf-syntax-ns#> SELECT DISTINCT ?uriWHERE {         ?uri rdf:type dbo:Book .         ?uri dbo:numberOfPages ?n .}ORDER BY DESC(?n)OFFSET 0 LIMIT 1",
"136","0.875","In which country does the Nile start?","""in which country does Nile start?""","PREFIX dbo: <http://dbpedia.org/ontology/>PREFIX res: <http://dbpedia.org/resource/>SELECT DISTINCT ?uriWHERE {               res:Nile dbo:sourceCountry ?uri .}","""select  ?o    {    <http://dbpedia.org/resource/Nile> <http://dbpedia.org/ontology/sourceCountry>  ?o .    }"""
"137","0.0","Who is the Formula 1 race driver with the most races?",,"SELECT DISTINCT ?uri WHERE {  ?uri <http://www.w3.org/1999/02/22-rdf-syntax-ns#type> <http://dbpedia.org/ontology/FormulaOneRacer> .  ?uri <http://dbpedia.org/ontology/races> ?x . } ORDER BY DESC(?x) OFFSET 0 LIMIT 1 ",
"138","0.5714285714285714","Which companies produce hovercrafts?","""which Companies did NASA produce?""","SELECT DISTINCT ?uri WHERE { ?uri a <http://dbpedia.org/ontology/Company> . ?uri <http://dbpedia.org/ontology/product> <http://dbpedia.org/resource/Hovercraft> . }","""select  ?o    {    <http://dbpedia.org/resource/NASA> <http://dbpedia.org/ontology/product>  ?o .    }"""
"139","0.0","Did Elvis Presley have children?",,"ASK WHERE { <http://dbpedia.org/resource/Elvis_Presley> <http://dbpedia.org/ontology/child> ?uri . } ",
"140","0.9","In which city was the president of Montenegro born?","""which city was President of Montenegro born in?""","SELECT DISTINCT ?uri WHERE { ?x <http://dbpedia.org/property/office> <http://dbpedia.org/resource/President_of_Montenegro> . ?x <http://dbpedia.org/ontology/birthPlace> ?uri . ?uri a <http://dbpedia.org/ontology/City> . } ","""select  ?o    {    <http://dbpedia.org/resource/President_of_Montenegro> <http://dbpedia.org/ontology/birthPlace>  ?o .   ?o <http://www.w3.org/1999/02/22-rdf-syntax-ns#type>  <http://dbpedia.org/ontology/City> .    }"""
"141","1.0","Which country was Bill Gates born in?","""which country was Bill Gates born in?""","SELECT DISTINCT ?uri WHERE { <http://dbpedia.org/resource/Bill_Gates> <http://dbpedia.org/ontology/birthPlace> ?x . ?x <http://dbpedia.org/ontology/country> ?uri . }","""select  ?o    {    <http://dbpedia.org/resource/Bill_Gates> <http://dbpedia.org/ontology/birthPlace>  ?o .   ?o <http://www.w3.org/1999/02/22-rdf-syntax-ns#type>  <http://dbpedia.org/ontology/Country> .    }"""
"142","0.5555555555555556","In which countries do people speak Japanese?","""which countries speak Japanese language?""","SELECT DISTINCT ?uri WHERE { ?uri a <http://dbpedia.org/ontology/Country> . ?uri <http://dbpedia.org/ontology/language> <http://dbpedia.org/resource/Japanese_language> . } ","""select  ?o    {    <http://dbpedia.org/resource/Japanese_language> <http://dbpedia.org/ontology/language>  ?o .    }"""
"143","0.0","Show me the book that Muhammad Ali wrote.",,"PREFIX dbo: <http://dbpedia.org/ontology/> PREFIX res: <http://dbpedia.org/resource/> PREFIX rdf: <http://www.w3.org/1999/02/22-rdf-syntax-ns#> SELECT DISTINCT ?uri WHERE {          ?uri rdf:type dbo:Book .          ?uri dbo:author res:Muhammad_Ali . }",
"144","0.7777777777777778","Is Michelle Obama the wife of Barack Obama?","""Who is the wife of Michelle Obama?""","PREFIX dbo: <http://dbpedia.org/ontology/>PREFIX res: <http://dbpedia.org/resource/>ASK WHERE {	res:Barack_Obama dbo:spouse res:Michelle_Obama .}","""select  ?o    {    <http://dbpedia.org/resource/Michelle_Obama> <http://dbpedia.org/ontology/spouse>  ?o .    }"""
"145","1.0","What is the area code of Berlin?","""What is the area code of Berlin?""","PREFIX dbo: <http://dbpedia.org/ontology/>PREFIX res: <http://dbpedia.org/resource/>SELECT DISTINCT ?string WHERE {	res:Berlin dbo:areaCode ?string .}","""select  ?o    {    <http://dbpedia.org/resource/Berlin> <http://dbpedia.org/ontology/areaCode>  ?o .    }"""
"146","0.5384615384615384","Give me all actors starring in Last Action Hero.","""Give me all persons starr in Last Action Hero?""","PREFIX dbo: <http://dbpedia.org/ontology/>PREFIX res: <http://dbpedia.org/resource/>SELECT DISTINCT ?uriWHERE {        res:Last_Action_Hero dbo:starring ?uri . }","""select  ?o    {    <http://dbpedia.org/resource/Last_Action_Hero> <http://dbpedia.org/ontology/starring>  ?o .    }"""
"147","1.0","What are the nicknames of San Francisco?","""What are the nicknames of San Francisco?""","SELECT DISTINCT ?string WHERE {  <http://dbpedia.org/resource/San_Francisco> <http://dbpedia.org/property/nickname> ?string . } ","""select  ?o    {    <http://dbpedia.org/resource/San_Francisco> <http://dbpedia.org/property/nickname>  ?o .    }"""
"148","0.0","What was the first Queen album?",,"SELECT DISTINCT ?uri WHERE { ?uri a <http://dbpedia.org/ontology/Album> . ?uri <http://dbpedia.org/ontology/artist> <http://dbpedia.org/resource/Queen_(band)> . ?uri <http://dbpedia.org/ontology/releaseDate> ?d . } ORDER BY ASC(?d) OFFSET 0 LIMIT 1",
"149","0.8888888888888888","Through which countries does the Yenisei river flow?","""which countries does Yenisei River flow through?""","PREFIX res: <http://dbpedia.org/resource/>PREFIX dbp: <http://dbpedia.org/property/>SELECT DISTINCT ?uri WHERE {        res:Yenisei_River dbp:country ?uri .}","""select  ?o    {    <http://dbpedia.org/resource/Yenisei_River> <http://dbpedia.org/property/country>  ?o .    }"""
"150","1.0","Which television shows were created by Walt Disney?","""which Television shows were created by Walt Disney?""","PREFIX dbo: <http://dbpedia.org/ontology/>PREFIX res: <http://dbpedia.org/resource/>PREFIX rdf: <http://www.w3.org/1999/02/22-rdf-syntax-ns#>SELECT DISTINCT ?uriWHERE {	?uri rdf:type dbo:TelevisionShow .        ?uri dbo:creator res:Walt_Disney .}","""select  ?s    {   ?s <http://dbpedia.org/ontology/creator>  <http://dbpedia.org/resource/Walt_Disney> .   ?s <http://www.w3.org/1999/02/22-rdf-syntax-ns#type>  <http://dbpedia.org/ontology/TelevisionShow> .    }"""
"151","0.0","What is the bridge with the longest span?",,"PREFIX dbo: <http://dbpedia.org/ontology/>PREFIX res: <http://dbpedia.org/resource/>PREFIX rdf: <http://www.w3.org/1999/02/22-rdf-syntax-ns#>SELECT DISTINCT ?uri WHERE {        ?uri rdf:type dbo:Bridge .        ?uri dbo:mainspan ?s . } ORDER BY DESC(?s) OFFSET 0 LIMIT 1",
"152","0.0","What country is Sitecore from?",,"SELECT DISTINCT ?uri WHERE { <http://dbpedia.org/resource/Sitecore> <http://dbpedia.org/ontology/foundationPlace> ?uri . }",
"153","1.0","Whom did Lance Bass marry?","""Whom did Lance Bass marry?""","SELECT DISTINCT ?uri WHERE { ?uri <http://dbpedia.org/ontology/spouse> <http://dbpedia.org/resource/Lance_Bass> . } ","""select  ?s    {   ?s <http://dbpedia.org/ontology/spouse>  <http://dbpedia.org/resource/Lance_Bass> .    }"""
"154","1.0","What is the capital of Canada?","""What is the capital of Canada?""","PREFIX dbo:  <http://dbpedia.org/ontology/>PREFIX res:  <http://dbpedia.org/resource/>SELECT DISTINCT ?uri WHERE {        res:Canada dbo:capital ?uri .}","""select  ?o    {    <http://dbpedia.org/resource/Canada> <http://dbpedia.org/ontology/capital>  ?o .    }"""
"155","1.0","Who was Vincent van Gogh inspired by?","""Who was Vincent van Gogh inspired by?""","SELECT DISTINCT ?uri WHERE { ?uri <http://dbpedia.org/ontology/influenced> <http://dbpedia.org/resource/Vincent_van_Gogh> . }","""select  ?s    {   ?s <http://dbpedia.org/ontology/influenced>  <http://dbpedia.org/resource/Vincent_van_Gogh> .    }"""
"156","1.0","In which city did John F. Kennedy die?","""in which city did John F. Kennedy die?""","PREFIX dbo: <http://dbpedia.org/ontology/>PREFIX res: <http://dbpedia.org/resource/>PREFIX rdf: <http://www.w3.org/1999/02/22-rdf-syntax-ns#>SELECT DISTINCT ?uriWHERE {         res:John_F._Kennedy dbo:deathPlace ?uri .        ?uri rdf:type dbo:City .}","""select  ?o    {    <http://dbpedia.org/resource/John_F._Kennedy> <http://dbpedia.org/ontology/deathPlace>  ?o .   ?o <http://www.w3.org/1999/02/22-rdf-syntax-ns#type>  <http://dbpedia.org/ontology/City> .    }"""
"157","0.0","Was U.S. president Jackson involved in a war?",,"PREFIX dbo: <http://dbpedia.org/ontology/>PREFIX res: <http://dbpedia.org/resource/>ASK WHERE {	res:Andrew_Jackson dbo:battle ?battle .    }",
"158","0.75","Who wrote the Game of Thrones theme?","""Who wrote Game of Thrones?""","SELECT DISTINCT ?uri WHERE { <http://dbpedia.org/resource/Game_of_Thrones> <http://dbpedia.org/ontology/composer> ?uri. }","""select  ?o    {    <http://dbpedia.org/resource/Game_of_Thrones> <http://dbpedia.org/ontology/composer>  ?o .    }"""
"159","0.8333333333333334","Who designed the Brooklyn Bridge?","""Who designed Brooklyn Bridge?""","PREFIX res: <http://dbpedia.org/resource/>PREFIX dbo: <http://dbpedia.org/ontology/>SELECT DISTINCT ?uri WHERE {        res:Brooklyn_Bridge dbo:architect ?uri .}","""select  ?o    {    <http://dbpedia.org/resource/Brooklyn_Bridge> <http://dbpedia.org/ontology/architect>  ?o .    }"""
"160","1.0","When did Boris Becker end his active career?","""When did Boris Becker end his active career?""","SELECT DISTINCT ?d WHERE { <http://dbpedia.org/resource/Boris_Becker> <http://dbpedia.org/ontology/activeYearsEndDate> ?d . } ","""select  ?o    {    <http://dbpedia.org/resource/Boris_Becker> <http://dbpedia.org/ontology/activeYearsEndDate>  ?o .    }"""
"161","0.6666666666666666","Which types of grapes grow in Oregon?","""which grapes grow in Oregon wine?""","SELECT DISTINCT ?uri WHERE { <http://dbpedia.org/resource/Oregon_wine> <http://dbpedia.org/ontology/growingGrape> ?uri . } ","""select  ?o    {    <http://dbpedia.org/resource/Oregon_wine> <http://dbpedia.org/ontology/growingGrape>  ?o .    }"""
"162","1.0","How tall is Michael Jordan?","""How tall is Michael Jordan?""","PREFIX dbo: <http://dbpedia.org/ontology/>PREFIX res: <http://dbpedia.org/resource/>SELECT DISTINCT ?num WHERE {        res:Michael_Jordan dbo:height ?num .}","""select  ?o    {    <http://dbpedia.org/resource/Michael_Jordan> <http://dbpedia.org/ontology/height>  ?o .    }"""
"163","0.5833333333333334","To which party does the mayor of Paris belong?","""to which party does Elisabeth of Saxony belong?""","SELECT DISTINCT ?uri WHERE { <http://dbpedia.org/resource/Paris> <http://dbpedia.org/ontology/mayor> ?x . ?x <http://dbpedia.org/ontology/party> ?uri . }","""select  ?o    {    <http://dbpedia.org/resource/Elisabeth_of_Saxony> <http://dbpedia.org/ontology/party>  ?o .    }"""
"164","0.875","Who wrote the book The Pillars of the Earth?","""Who wrote The Pillars of the Earth?""","PREFIX dbo: <http://dbpedia.org/ontology/>PREFIX res: <http://dbpedia.org/resource/>SELECT DISTINCT ?uri WHERE {        res:The_Pillars_of_the_Earth dbo:author ?uri .}","""select  ?o    {    <http://dbpedia.org/resource/The_Pillars_of_the_Earth> <http://dbpedia.org/ontology/author>  ?o .    }"""
"165","0.7","Who was the 16th president of the United States?","""Who was the child of United States?""","PREFIX dbo: <http://dbpedia.org/ontology/>PREFIX rdf: <http://www.w3.org/1999/02/22-rdf-syntax-ns#>SELECT DISTINCT ?uriWHERE {         ?uri dbo:office 'President of the United States' .         ?uri dbo:orderInOffice '16th' .}","""select  ?o    {    <http://dbpedia.org/resource/United_States> <http://dbpedia.org/ontology/child>  ?o .    }"""
"166","0.8571428571428571","How high is the Mount Everest?","""How high is Mount Everest?""","PREFIX dbo: <http://dbpedia.org/ontology/>PREFIX res: <http://dbpedia.org/resource/>SELECT DISTINCT ?num WHERE {	res:Mount_Everest dbo:elevation ?num.}","""select  ?o    {    <http://dbpedia.org/resource/Mount_Everest> <http://dbpedia.org/ontology/elevation>  ?o .    }"""
"167","1.0","Who was the doctoral supervisor of Albert Einstein?","""Who was the doctoral supervisor of Albert Einstein?""","SELECT DISTINCT ?uri WHERE { <http://dbpedia.org/resource/Albert_Einstein> <http://dbpedia.org/ontology/doctoralAdvisor> ?uri . }","""select  ?o    {    <http://dbpedia.org/resource/Albert_Einstein> <http://dbpedia.org/ontology/doctoralAdvisor>  ?o .    }"""
"168","1.0","In which city does Sylvester Stallone live?","""which city does Sylvester Stallone live in?""","SELECT DISTINCT ?uri WHERE { ?uri a <http://dbpedia.org/ontology/City> . <http://dbpedia.org/resource/Sylvester_Stallone> <http://dbpedia.org/ontology/residence> ?uri . }","""select  ?o    {    <http://dbpedia.org/resource/Sylvester_Stallone> <http://dbpedia.org/ontology/residence>  ?o .   ?o <http://www.w3.org/1999/02/22-rdf-syntax-ns#type>  <http://dbpedia.org/ontology/City> .    }"""
"169","1.0","What is the currency of the Czech Republic?","""What is the currency of Czech Republic?""","PREFIX dbo: <http://dbpedia.org/ontology/>PREFIX res: <http://dbpedia.org/resource/>SELECT DISTINCT ?uriWHERE {	res:Czech_Republic dbo:currency ?uri .}","""select  ?o    {    <http://dbpedia.org/resource/Czech_Republic> <http://dbpedia.org/ontology/currency>  ?o .    }"""
"170","0.0","Did Socrates influence Aristotle?",,"PREFIX dbo: <http://dbpedia.org/ontology/>PREFIX res: <http://dbpedia.org/resource/>ASK WHERE {	res:Aristotle dbo:influencedBy res:Socrates .}",
"171","1.0","What is the time zone of Salt Lake City?","""What is the time zone of Salt Lake City?""","PREFIX res: <http://dbpedia.org/resource/>PREFIX dbp: <http://dbpedia.org/property/>SELECT DISTINCT ?uri WHERE {	res:Salt_Lake_City dbp:timezone ?uri . }","""select  ?o    {    <http://dbpedia.org/resource/Salt_Lake_City> <http://dbpedia.org/property/timezone>  ?o .    }"""
"172","0.7777777777777778","Who is the son of Sonny and Cher?","""Who is the son of Cher?""","SELECT DISTINCT ?uri WHERE { ?uri <http://dbpedia.org/ontology/parent> <http://dbpedia.org/resource/Cher> . ?uri <http://dbpedia.org/ontology/parent> <http://dbpedia.org/resource/Sonny_Bono> . }","""select  ?o    {    <http://dbpedia.org/resource/Cher> <http://dbpedia.org/ontology/child>  ?o .    }"""
"173","0.75","In which city are the headquarters of the United Nations?","""in which cities are Headquarters of the United Nations located?""","SELECT DISTINCT ?uri WHERE { <http://dbpedia.org/resource/Headquarters_of_the_United_Nations> <http://dbpedia.org/ontology/location> ?uri . ?uri a <http://dbpedia.org/ontology/City> . } ","""select  ?o    {    <http://dbpedia.org/resource/Headquarters_of_the_United_Nations> <<http://dbpedia.org/ontology/location>>  ?o .   ?o <http://www.w3.org/1999/02/22-rdf-syntax-ns#type>  <http://dbpedia.org/ontology/City> .    }"""
"174","1.0","Who is the founder of Penguin Books?","""Who is the founder of Penguin Books?""","PREFIX dbo: <http://dbpedia.org/ontology/>PREFIX res: <http://dbpedia.org/resource/>PREFIX rdf: <http://www.w3.org/1999/02/22-rdf-syntax-ns#> SELECT DISTINCT ?uriWHERE {         res:Penguin_Books dbo:founder ?uri .}","""select  ?o    {    <http://dbpedia.org/resource/Penguin_Books> <http://dbpedia.org/ontology/founder>  ?o .    }"""
"175","1.0","When was Jack Wolfskin founded?","""When was Jack Wolfskin founded?""","SELECT DISTINCT ?year WHERE {  <http://dbpedia.org/resource/Jack_Wolfskin> <http://dbpedia.org/ontology/foundingYear> ?year . } ","""select  ?o    {    <http://dbpedia.org/resource/Jack_Wolfskin> <http://dbpedia.org/ontology/foundingYear>  ?o .    }"""
"176","1.0","Who is the mayor of Rotterdam?","""Who is the mayor of Rotterdam?""","PREFIX dbo: <http://dbpedia.org/ontology/>PREFIX res: <http://dbpedia.org/resource/>SELECT DISTINCT ?uriWHERE {        res:Rotterdam dbo:leaderName ?uri .}","""select  ?o    {    <http://dbpedia.org/resource/Rotterdam> <http://dbpedia.org/ontology/leaderName>  ?o .    }"""
"177","0.0","Give me all Swedish oceanographers.",,"PREFIX dbo: <http://dbpedia.org/ontology/>PREFIX res: <http://dbpedia.org/resource/>SELECT DISTINCT ?uriWHERE {        ?uri dbo:field res:Oceanography .         ?uri dbo:birthPlace res:Sweden .        }",
"178","0.0","Show me Hemingway's autobiography.",,"SELECT DISTINCT ?uri WHERE { ?uri <http://dbpedia.org/ontology/author> <http://dbpedia.org/resource/Ernest_Hemingway> . ?uri <http://dbpedia.org/ontology/literaryGenre> <http://dbpedia.org/resource/Autobiography> . }",
"179","0.9","Who are the parents of the wife of Juan Carlos I?","""Who are the parents of Juan Carlos I?""","PREFIX dbo: <http://dbpedia.org/ontology/> PREFIX res: <http://dbpedia.org/resource/> SELECT DISTINCT ?uri WHERE {         res:Juan_Carlos_I_of_Spain dbo:spouse ?x .         ?x dbo:parent ?uri . }","""select  ?o    {    <http://dbpedia.org/resource/Juan_Carlos_I_of_Spain> <http://dbpedia.org/ontology/parent>  ?o .    }"""
"180","0.6363636363636364","Did Tesla win a nobel prize in physics?","""which Scientist did Nobel Prize in Physics win?""","PREFIX dbo: <http://dbpedia.org/ontology/>PREFIX res: <http://dbpedia.org/resource/>ASK WHERE {        res:Nikola_Tesla dbo:award res:Nobel_Prize_in_Physics .}","""select  ?s    {   ?s <http://dbpedia.org/ontology/award>  <http://dbpedia.org/resource/Nobel_Prize_in_Physics> .    }"""
"181","1.0","Who is the tallest basketball player?","""Who is the tallest basketball player?""","SELECT DISTINCT ?uri WHERE {  ?uri <http://www.w3.org/1999/02/22-rdf-syntax-ns#type> <http://dbpedia.org/ontology/BasketballPlayer> .  ?uri <http://dbpedia.org/ontology/height> ?num . } ORDER BY DESC(?num) OFFSET 0 LIMIT 1 ","""SELECT DISTINCT ?subjOfProp WHERE { ?subjOfProp <http://www.w3.org/1999/02/22-rdf-syntax-ns#type> <http://dbpedia.org/ontology/BasketballPlayer> . ?subjOfProp <http://dbpedia.org/ontology/height> ?num . } ORDER BY DESC(?num) LIMIT 1"""
"182","0.0","Which city has the least inhabitants?",,"SELECT DISTINCT ?uri WHERE {  ?uri <http://www.w3.org/1999/02/22-rdf-syntax-ns#type> <http://dbpedia.org/ontology/City> .  ?uri <http://dbpedia.org/ontology/populationTotal> ?pop . } ORDER BY ASC(?pop) OFFSET 0 LIMIT 1 ",
"183","0.0","Is proinsulin a protein?",,"PREFIX dbo: <http://dbpedia.org/ontology/>PREFIX res: <http://dbpedia.org/resource/>PREFIX rdf: <http://www.w3.org/1999/02/22-rdf-syntax-ns#>ASK WHERE {	res:Proinsulin rdf:type dbo:Protein .}",
"184","1.0","Who were the parents of Queen Victoria?","""Who were the parents of Queen Victoria?""","PREFIX dbo: <http://dbpedia.org/ontology/>PREFIX res: <http://dbpedia.org/resource/>SELECT DISTINCT ?uriWHERE {         res:Queen_Victoria dbo:parent ?uri .}","""select  ?o    {    <http://dbpedia.org/resource/Queen_Victoria> <http://dbpedia.org/ontology/parent>  ?o .    }"""
"185","0.0","Did Che Guevara have children?",,"PREFIX dbo: <http://dbpedia.org/ontology/>PREFIX res: <http://dbpedia.org/resource/>ASKWHERE {         res:Che_Guevara dbo:child ?uri . }",
"186","0.0","Is Lake Baikal bigger than the Great Bear Lake?",,"PREFIX res: <http://dbpedia.org/resource/>PREFIX dbo: <http://dbpedia.org/ontology/> ASKWHERE {          res:Lake_Baikal dbo:areaTotal ?a1 .         res:Great_Bear_Lake dbo:areaTotal ?a2 .        FILTER (?a1 > ?a2)}",
"187","0.0","Did Kaurismki ever win the Grand Prix at Cannes?",,"ASK WHERE { <http://dbpedia.org/resource/Aki_Kaurismki> <http://dbpedia.org/ontology/award> <http://dbpedia.org/resource/Grand_Prix_(Cannes_Film_Festival)> . }",
"188","0.5384615384615384","Give me all books by William Goldman with more than 300 pages.","""Give me all books by William Goldman""","PREFIX dbo: <http://dbpedia.org/ontology/>PREFIX res: <http://dbpedia.org/resource/>PREFIX rdf: <http://www.w3.org/1999/02/22-rdf-syntax-ns#>SELECT DISTINCT ?uri WHERE {        ?uri rdf:type dbo:Book .        ?uri dbo:author res:William_Goldman .        ?uri dbo:numberOfPages ?x .        FILTER (?x > 300)}","""select  ?s    {   ?s <http://dbpedia.org/ontology/author>  <http://dbpedia.org/resource/William_Goldman> .    }"""
"189","1.0","Where is Fort Knox located?","""Where is Fort Knox located?""","SELECT DISTINCT ?uri WHERE {  <http://dbpedia.org/resource/Fort_Knox> <http://dbpedia.org/property/location> ?uri . }","""select  ?o    {    <http://dbpedia.org/resource/Fort_Knox> <http://dbpedia.org/property/location>  ?o .    }"""
"190","0.5833333333333334","In which U.S. state is Fort Knox located?","""in which place is Fort Knox located?""","PREFIX dbo: <http://dbpedia.org/ontology/>PREFIX dbp: <http://dbpedia.org/property/>PREFIX res: <http://dbpedia.org/resource/>SELECT DISTINCT ?uriWHERE {	res:Fort_Knox dbp:location ?uri .        ?uri dbo:country res:United_States .}","""select  ?o    {    <http://dbpedia.org/resource/Fort_Knox> <http://dbpedia.org/property/location>  ?o .    }"""
"191","1.0","Where is Syngman Rhee buried?","""Where is Syngman Rhee buried?""","SELECT DISTINCT ?uri WHERE { <http://dbpedia.org/resource/Syngman_Rhee> <http://dbpedia.org/ontology/restingPlace> ?uri . } ","""select  ?o    {    <http://dbpedia.org/resource/Syngman_Rhee> <http://dbpedia.org/ontology/restingPlace>  ?o .    }"""
"192","0.6666666666666666","What is the timezone in San Pedro de Atacama?","""What is the location of San Pedro de Atacama?""","SELECT DISTINCT ?uri WHERE {  <http://dbpedia.org/resource/San_Pedro_de_Atacama> <http://dbpedia.org/ontology/timeZone> ?uri . } ","""select  ?o    {    <http://dbpedia.org/resource/San_Pedro_de_Atacama> <http://dbpedia.org/ontology/location>  ?o .    }"""
"193","0.0","To which artistic movement did the painter of The Three Dancers belong?",,"SELECT DISTINCT ?uri WHERE {  <http://dbpedia.org/resource/The_Three_Dancers> <http://dbpedia.org/ontology/author> ?person .  ?person <http://dbpedia.org/ontology/movement> ?uri . } ",
"194","0.6153846153846154","Which scientist is known for the Manhattan Project and the Nobel Peace Prize?","""which Scientist is known for Manhattan Project?""","PREFIX res: <http://dbpedia.org/resource/>PREFIX dbo: <http://dbpedia.org/ontology/> PREFIX rdf: <http://www.w3.org/1999/02/22-rdf-syntax-ns#>SELECT DISTINCT ?uriWHERE {        ?uri dbo:knownFor res:Manhattan_Project .        ?uri rdf:type dbo:Scientist .        ?uri dbo:knownFor res:Nobel_Peace_Prize .}","""select  ?s    {   ?s <http://dbpedia.org/ontology/knownFor>  <http://dbpedia.org/resource/Manhattan_Project> .    }"""
"195","0.7777777777777778","Show me all books in Asimov's Foundation series.","""show me all books in Foundation series""","SELECT DISTINCT ?uri WHERE { ?uri <http://dbpedia.org/ontology/series> <http://dbpedia.org/resource/Foundation_series> . } ","""select  ?s    {   ?s <http://dbpedia.org/ontology/series>  <http://dbpedia.org/resource/Foundation_series> .    }"""
"196","0.5384615384615384","Give me all cities in New Jersey with more than 100000 inhabitants.","""Give me all cities in New Jersey""","PREFIX dbo: <http://dbpedia.org/ontology/>PREFIX dbp: <http://dbpedia.org/property/>PREFIX res: <http://dbpedia.org/resource/>PREFIX rdf: <http://www.w3.org/1999/02/22-rdf-syntax-ns#>SELECT DISTINCT ?uri WHERE {	?uri rdf:type dbo:City .        ?uri dbo:isPartOf res:New_Jersey .        ?uri dbp:populationTotal ?inhabitants .        FILTER (?inhabitants > 100000) .}","""select  ?o    {    <http://dbpedia.org/resource/New_Jersey> <http://dbpedia.org/ontology/isPartOf>  ?o .    }"""
"197","0.0","Which museum in New York has the most visitors?",,"SELECT DISTINCT ?uri WHERE {  ?uri <http://www.w3.org/1999/02/22-rdf-syntax-ns#type> <http://dbpedia.org/ontology/Museum> .  ?uri <http://dbpedia.org/ontology/location> <http://dbpedia.org/resource/New_York_City> .  ?uri <http://dbpedia.org/ontology/numberOfVisitors> ?num . } ORDER BY DESC(?num) OFFSET 0 LIMIT 1 ",
"198","0.875","How high is the Yokohama Marine Tower?","""How high is Yokohama Marine Tower?""","PREFIX dbo: <http://dbpedia.org/ontology/>PREFIX res: <http://dbpedia.org/resource/>SELECT DISTINCT ?numWHERE {        res:Yokohama_Marine_Tower dbo:height ?num .}","""select  ?o    {    <http://dbpedia.org/resource/Yokohama_Marine_Tower> <http://dbpedia.org/ontology/height>  ?o .    }"""
"199","0.0","Does the new Battlestar Galactica series have more episodes than the old one?",,"PREFIX dbo: <http://dbpedia.org/ontology/>PREFIX res: <http://dbpedia.org/resource/>ASK WHERE {	<http://dbpedia.org/resource/Battlestar_Galactica_%281978_TV_series%29> dbo:numberOfEpisodes ?x .	<http://dbpedia.org/resource/Battlestar_Galactica_%282004_TV_series%29> dbo:numberOfEpisodes ?y .	FILTER (?y > ?x)}",
"200","0.625","Who is the youngest Darts player?","""Who is the youngest person?""","PREFIX dbo: <http://dbpedia.org/ontology/>PREFIX rdf: <http://www.w3.org/1999/02/22-rdf-syntax-ns#>SELECT DISTINCT ?uriWHERE {        ?uri rdf:type dbo:DartsPlayer .        ?uri dbo:birthDate ?date .}ORDER BY DESC(?date)OFFSET 0 LIMIT 1","""SELECT DISTINCT ?subjOfProp WHERE { ?subjOfProp <http://www.w3.org/1999/02/22-rdf-syntax-ns#type> <http://dbpedia.org/ontology/Politician> . ?subjOfProp <http://dbpedia.org/ontology/birthDate> ?num . } ORDER BY DESC(?num) LIMIT 1"""
"201","0.6666666666666666","Who developed the video game World of Warcraft?","""Who developed World of Warcraft?""","PREFIX dbo: <http://dbpedia.org/ontology/>PREFIX res: <http://dbpedia.org/resource/>SELECT DISTINCT ?uri WHERE {	res:World_of_Warcraft dbo:developer ?uri . }","""select  ?o    {    <http://dbpedia.org/resource/World_of_Warcraft> <http://dbpedia.org/ontology/developer>  ?o .    }"""
"202","0.0","Who was the pope that founded the Vatican Television?",,"PREFIX dbo: <http://dbpedia.org/ontology/> PREFIX res: <http://dbpedia.org/resource/> PREFIX rdf: <http://www.w3.org/1999/02/22-rdf-syntax-ns#> SELECT ?uri WHERE {          ?uri rdf:type dbo:Pope .          res:Vatican_Television_Center dbo:foundedBy ?uri .}",
"203","0.8","Who composed the music for Harold and Maude?","""Who compose the music for Harold and Maude?""","PREFIX res: <http://dbpedia.org/resource/>PREFIX dbo: <http://dbpedia.org/ontology/>SELECT DISTINCT ?uri WHERE {	res:Harold_and_Maude dbo:musicComposer ?uri .}","""select  ?o    {    <http://dbpedia.org/resource/Harold_and_Maude> <http://dbpedia.org/ontology/musicComposer>  ?o .    }"""
"204","0.75","Give me all members of Prodigy.","""Give me all members of The Prodigy""","SELECT DISTINCT ?uri WHERE {  <http://dbpedia.org/resource/The_Prodigy> <http://dbpedia.org/ontology/bandMember> ?uri . } ","""select  ?o    {    <http://dbpedia.org/resource/The_Prodigy> <http://dbpedia.org/ontology/bandMember>  ?o .    }"""
"205","0.0","Who is starring in Spanish movies produced by Benicio del Toro?",,"SELECT DISTINCT ?uri WHERE { ?film <http://www.w3.org/1999/02/22-rdf-syntax-ns#type> <http://dbpedia.org/ontology/Film> . ?film <http://dbpedia.org/ontology/country> <http://dbpedia.org/resource/Spain> . ?film <http://dbpedia.org/ontology/producer> <http://dbpedia.org/resource/Benicio_del_Toro> . ?film <http://dbpedia.org/ontology/starring> ?uri . ?uri <http://www.w3.org/1999/02/22-rdf-syntax-ns#type> <http://dbpedia.org/ontology/Person> . } ",
"206","0.0","Which subsidiary of TUI Travel serves both Glasgow and Dublin?",,"SELECT DISTINCT ?uri WHERE { <http://dbpedia.org/resource/TUI_Travel> <http://dbpedia.org/ontology/subsidiary> ?uri .  ?uri <http://dbpedia.org/ontology/targetAirport> <http://dbpedia.org/resource/Glasgow_Airport> . ?uri <http://dbpedia.org/ontology/targetAirport> <http://dbpedia.org/resource/Dublin_Airport> . } ",
"207","1.0","In which country is Mecca located?","""in which country is Mecca located?""","PREFIX res: <http://dbpedia.org/resource/>PREFIX dbo: <http://dbpedia.org/ontology/> SELECT DISTINCT ?uri WHERE {          res:Mecca dbo:country ?uri .}","""select  ?o    {    <http://dbpedia.org/resource/Mecca> <http://dbpedia.org/ontology/country>  ?o .    }"""
"208","1.0","How many languages are spoken in Colombia?","""How many languages are spoken in Colombia?""","SELECT (COUNT(DISTINCT ?uri) as ?c) WHERE {  ?uri <http://www.w3.org/1999/02/22-rdf-syntax-ns#type> <http://dbpedia.org/ontology/Language> .  <http://dbpedia.org/resource/Colombia> <http://dbpedia.org/ontology/language> ?uri . } ","""select (COUNT(DISTINCT ?objOfProp) as ?c) WHERE    {    <http://dbpedia.org/resource/Colombia> <http://dbpedia.org/ontology/language>  ?objOfProp .    }"""
"209","1.0","What is the biggest stadium in Spain?","""What is the biggest stadium in Spain?""","SELECT DISTINCT ?uri WHERE { ?uri a <http://dbpedia.org/ontology/Stadium> . ?uri <http://dbpedia.org/ontology/location> <http://dbpedia.org/resource/Spain> . ?uri <http://dbpedia.org/ontology/seatingCapacity> ?n . } ORDER BY DESC(?n) OFFSET 0 LIMIT 1","""SELECT DISTINCT ?subjOfProp WHERE { ?subjOfProp <http://www.w3.org/1999/02/22-rdf-syntax-ns#type> <http://dbpedia.org/ontology/Stadium> . ?subjOfProp <http://dbpedia.org/ontology/location> <http://dbpedia.org/resource/Spain> . ?subjOfProp <http://dbpedia.org/ontology/seatingCapacity> ?num . } ORDER BY DESC(?num) LIMIT 1"""
"210","0.6","Which professional surfers were born on the Philippines?","""which surfers were born in Philippines?""","PREFIX dbo: <http://dbpedia.org/ontology/>PREFIX res: <http://dbpedia.org/resource/>SELECT DISTINCT ?uriWHERE {	?uri dbo:occupation res:Surfing .	?uri dbo:birthPlace res:Philippines .}","""select  ?s    {   ?s <http://dbpedia.org/ontology/birthPlace>  <http://dbpedia.org/resource/Philippines> .   ?s <http://dbpedia.org/ontology/occupation>  <http://dbpedia.org/resource/Surfing> .    }"""
"211","0.6363636363636364","What are the five boroughs of New York?","""What are the nicknames of New York City?""","SELECT DISTINCT ?uri WHERE { ?uri <http://dbpedia.org/ontology/governmentType> <http://dbpedia.org/resource/Borough_(New_York_City)> . }","""select  ?o    {    <http://dbpedia.org/resource/New_York_City> <http://dbpedia.org/property/nickname>  ?o .    }"""
"212","0.0","Is Cola a beverage?",,"PREFIX dbo: <http://dbpedia.org/ontology/>PREFIX res: <http://dbpedia.org/resource/>PREFIX rdf: <http://www.w3.org/1999/02/22-rdf-syntax-ns#>ASK WHERE {        res:Cola rdf:type dbo:Beverage .}",
"213","0.75","When did princess Diana die?","""When did Diana Princess of Wales die?""","SELECT DISTINCT ?d WHERE { <http://dbpedia.org/resource/Diana,_Princess_of_Wales> <http://dbpedia.org/ontology/deathDate> ?d . }","""select  ?o    {    <http://dbpedia.org/resource/Diana,_Princess_of_Wales> <http://dbpedia.org/ontology/deathDate>  ?o .    }"""
"214","0.75","Where in France is sparkling wine produced?","""Where is Sparkling wine produced?""","PREFIX res: <http://dbpedia.org/resource/>PREFIX dbo: <http://dbpedia.org/ontology/> SELECT DISTINCT ?uriWHERE {        ?uri dbo:wineProduced res:Sparkling_wine .        ?uri dbo:location res:France .}","""select  ?o    {    <http://dbpedia.org/resource/Sparkling_wine> <http://dbpedia.org/ontology/wineProduced>  ?o .    }"""
"","","","","","","0.0","0.0","0.0","0.0","0.0","0.0"
